,account,comments,date,likes,text,url
0,capucha_informa,73.0,2020-11-04 00:08:42,3063.0,"DEMOCRACIA PURA Y DURA ‚îÇEE.UU: Francotiradores vigilan a manifestantes desde el techo de la Casa Blanca, la cual se encuentra cercada con otro ""muro de Trump"". 

As√≠ con la ""democracia"".",https://instagram.fscl12-1.fna.fbcdn.net/v/t51.2885-15/e35/123357272_213690483482301_3018641632109953353_n.jpg?_nc_ht=instagram.fscl12-1.fna.fbcdn.net&_nc_cat=109&_nc_ohc=qLZuSdWyNYEAX9768Gj&tp=18&oh=96e38ae15e8b4e23b753b6fdbb3b49ac&oe=5FA4FB35
1,capucha_informa,18.0,2020-11-04 00:03:33,1544.0,"AHORA ‚îÇEEUU, WASHINGTON D.C: Manifestantes se congregan frente a la casa Blanca en contra de Donald Trump durante la jornada de elecciones en Estados Unidos.",https://instagram.fscl12-1.fna.fbcdn.net/v/t51.2885-15/e35/123401421_345774906723622_6022203306151581215_n.jpg?_nc_ht=instagram.fscl12-1.fna.fbcdn.net&_nc_cat=110&_nc_ohc=qfKXh8Dff8YAX-OUgNY&tp=18&oh=8a068a6cf3d927bbc93f8b7bb831dfcd&oe=5FCB6D85&ig_cache_key=MjQzNDYxMDUyOTQyMjQ1NzMyOQ%3D%3D.2
2,capucha_informa,0.0,2020-11-04 00:01:32,382.0,"HACE UN RATO ‚îÇEEUU, WASHINGTON D.C: la polic√≠a comienza a reprimir a manifestantes durante la noche de elecciones. Se preveen masivas manifestaciones afuera de la Casa blanca, sea quien sea el ganador de las elecciones presidenciales.

Gane quien gane, siguen sufriendo las personas pobres, las √∫nicas personas reprimidas. 

El show de la tele debe continuar.",https://instagram.fscl12-1.fna.fbcdn.net/v/t51.2885-15/e35/123378127_123811102835541_3881428127884992848_n.jpg?_nc_ht=instagram.fscl12-1.fna.fbcdn.net&_nc_cat=109&_nc_ohc=8xxcjCQhwzAAX-okwvY&tp=18&oh=438e8f902dc40b2a7066c7c442171c74&oe=5FA4E7FC
3,capucha_informa,2.0,2020-11-03 23:58:18,266.0,"DIFUNDIMOS ‚îÇ #Santiago 
 
Quinta cicletada #NoMasCilistasMuertxs este mi√©rcoles 04 de Noviembre a las 18:30 hrs, punto de encuentro acceso sur Parque o'higgins, por la liberaci√≥n de los presxs de la Revuelta. 
 
La calle no se suelta.
 
V√≠a @antifacletas",https://instagram.fscl12-1.fna.fbcdn.net/v/t51.2885-15/e35/123532915_2416171332013139_1103056983847730354_n.jpg?_nc_ht=instagram.fscl12-1.fna.fbcdn.net&_nc_cat=111&_nc_ohc=61g4mTTOQMUAX8eojDZ&tp=18&oh=1f780cee79a133c62dcf1a28ea41b463&oe=5FCA67C8&ig_cache_key=MjQzNDYwNzg5MDU1MDk5MzU4MA%3D%3D.2
4,capucha_informa,0.0,2020-11-03 23:57:32,284.0,"DIFUNDIMOS ‚îÇ #Macul 
 
Macul pedalea y √ëu√±oa pedalea convocan a cicletada este Jueves 05 de Noviembre a las 18:30 hrs en Macul con Quilin y Plaza √ëu√±oa a las 18:00 hrs #NoMasCilistasMuertxs .
 
La calle no se suelta. 
 
V√≠a @maculpedalea",https://instagram.fscl12-1.fna.fbcdn.net/v/t51.2885-15/e35/123416567_674060686873256_2110761084545516434_n.jpg?_nc_ht=instagram.fscl12-1.fna.fbcdn.net&_nc_cat=108&_nc_ohc=3ZwUWqVGWGIAX-ocahE&tp=18&oh=d1a0cb08618dd7aa30c80c6bd72a8346&oe=5FCB077C&ig_cache_key=MjQzNDYwNzUwMTYzODMyMjI1MQ%3D%3D.2
5,capucha_informa,4.0,2020-11-03 23:56:29,306.0,"DIFUNDIMOS ‚îÇ #Santiago 
 
Pedaleras Antipatriarcas convocan a cicletada este Mi√©rcoles 04 de Noviembre, 18:30 hrs en el Parque Almagro. 
 
No mas ciclistas asesinadxs por la imprudencia de los irresponsables al volante, no mas impunidad e invisibilizacion ante el asesinato de nuestrxs compa√±erxs. 
 
V√≠a @pedaleras.antipatriarcas",https://instagram.fscl12-1.fna.fbcdn.net/v/t51.2885-15/e35/123300251_364876978069877_4718422470572868546_n.jpg?_nc_ht=instagram.fscl12-1.fna.fbcdn.net&_nc_cat=105&_nc_ohc=-isDbBnYkU4AX-VxYs7&tp=18&oh=466effacb9687b7e2947397b981af636&oe=5FCCB40C&ig_cache_key=MjQzNDYwNjk3NjY1Mzk3NTg2OQ%3D%3D.2
6,capucha_informa,1.0,2020-11-03 23:55:11,240.0,"DIFUNDIMOS ‚îÇ #Antofagasta
 
Organizaciones sociales, amigxs y familiares de lxs presxs pol√≠ticxs convocan a una concentraci√≥n por la recuperaci√≥n del r√©gimen de visitas en las c√°rceles y la libertad de lxs presxs pol√≠ticxs de la revuelta, Jueves 05 de Noviembre, Prat con Matta 11:00 hrs
 
V√≠a @antofamarcha",https://instagram.fscl12-1.fna.fbcdn.net/v/t51.2885-15/e35/123406867_789449854987312_3925615670331733580_n.jpg?_nc_ht=instagram.fscl12-1.fna.fbcdn.net&_nc_cat=104&_nc_ohc=4yGQ2W26huAAX-xWHrD&tp=18&oh=df0e021a17a511848a1f6dcdb5960def&oe=5FCC1326&ig_cache_key=MjQzNDYwNjMyMTkxNDY4MzU0Nw%3D%3D.2
7,capucha_informa,14.0,2020-11-03 23:01:25,1137.0,"Momento de la liberaci√≥n de Benjam√≠n, joven de 17 a√±os imputado con pruebas alteradas de haber quemado la estaci√≥n de metro Pedrero el pasado 18 de Octubre de 2019. 

V√≠a @prensaopalchile",https://instagram.fscl12-1.fna.fbcdn.net/v/t51.2885-15/e35/123600952_115222340374822_7655248693846834307_n.jpg?_nc_ht=instagram.fscl12-1.fna.fbcdn.net&_nc_cat=110&_nc_ohc=o7e11JOXjC4AX_yapgr&tp=18&oh=adb05e2224d3fa616e8a2840ec61365e&oe=5FA50D53
8,capucha_informa,50.0,2020-11-03 19:16:54,1844.0,"#GobiernoAsesino  RENUNCIA el ministro del interior V√≠ctor P√©rez tan solo unos minutos luego de que fuera suspendido, al ser aprobada su #acusaci√≥nconstitucional por la C√°mara de Diputados y Diputadas. 

La renuncia de P√©rez NO suspende la acusaci√≥n constitucional en su contra, que acaba de pasar al Senado. Sin embargo, podr√≠a ser una excusa para que varixs pol√≠ticxs digan que su responsabilidad pol√≠tica ya se hizo efectiva. 

(En desarrollo...)",https://instagram.fscl12-1.fna.fbcdn.net/v/t51.2885-15/e15/s640x640/123468827_160995659084963_7019258156521370373_n.jpg?_nc_ht=instagram.fscl12-1.fna.fbcdn.net&_nc_cat=111&_nc_ohc=oEnQnMNz3q8AX-3rMl0&_nc_tp=15&oh=fdcc4f50e37aeec4e1412c9df1510e88&oe=5FCA47DE&ig_cache_key=MjQzNDQ2NjI1ODU5MjE0NTAwNA%3D%3D.2
9,capucha_informa,1.0,2020-11-03 19:13:33,260.0,"ESTADO ASESINO‚îÇ La lucha contra la colonizaci√≥n no ha terminado, el estado y su aparato pol√≠tico ""democr√°tico"" sigue asesinando a la gente de esta tierra por intereses econ√≥micos y extranjeros. Esconden los asesinatos bajo el lema de ""terrorismo"" pero los terroristas son ellos.

Justicia x nuestros muertos.
wetxapai√±
Amulepe Tai√± Weichan
Marichiweu",https://instagram.fscl12-1.fna.fbcdn.net/v/t51.2885-15/e35/123322020_2354233808034077_1109463896792492027_n.jpg?_nc_ht=instagram.fscl12-1.fna.fbcdn.net&_nc_cat=105&_nc_ohc=zMXw6pW53JsAX8Ao5KV&tp=18&oh=71a73eaa16f35bf985b888d91f1dd5d7&oe=5FCBB9C4&ig_cache_key=MjQzNDQ2NDU2OTM2Mjk5NDg5NA%3D%3D.2
10,capucha_informa,61.0,2020-11-03 18:53:31,2423.0,"#MalGobierno  El subsecretario de Redes Asistenciales, Arturo Z√∫√±iga, y el jefe del Departamento de Epidemiolog√≠a del Ministerio de Salud, Rafael Araos, dejaron sus cargos en plena investigaci√≥n del Ministerio P√∫blico al #Minsal por el manejo de la pandemia.

El link en la nota. üì±

https://bit.ly/3kTPxVf",https://instagram.fscl12-1.fna.fbcdn.net/v/t51.2885-15/fr/e15/s1080x1080/123292803_660734611311190_6829902683391384950_n.jpg?_nc_ht=instagram.fscl12-1.fna.fbcdn.net&_nc_cat=110&_nc_ohc=9rtNaDK6sigAX_zn1ec&oh=145a93a69fbf131f08781f8c31969163&oe=5FCB5515&ig_cache_key=MjQzNDQ1NDQ4NTUwMDk1MzE3Mw%3D%3D.2
11,capucha_informa,10.0,2020-11-03 18:47:21,996.0,"#FueraPeÃÅrez  APRUEBAN #AcusacionConstitucional contra el ministro del Interior, ViÃÅctor PeÃÅrez por 80 votos a favor, 74 en contra y una abstencioÃÅn. Ahora PeÃÅrez queda SUSPENDIDO y la acusacioÃÅn pasa al Senado.",https://instagram.fscl12-1.fna.fbcdn.net/v/t51.2885-15/fr/e15/s1080x1080/123359205_359938225330061_698179114634237010_n.jpg?_nc_ht=instagram.fscl12-1.fna.fbcdn.net&_nc_cat=105&_nc_ohc=_o98jqRl7n0AX_zo2jp&oh=967fd1e2d2ef51f583cd6c1e518220d7&oe=5FCDBFA3&ig_cache_key=MjQzNDQ1MTM3OTI5NzkxMjk4Mg%3D%3D.2
12,capucha_informa,0.0,2020-11-03 18:14:18,578.0,"AYER ‚îÇ  Barrotazo y manifestaciones en la la c√°rcel de Huachalalume. 

Familiares y amigxs se congregaron a las afueras del recinto a exigir la restituci√≥n del r√©gimen de visitas de lxs presxs y la libertad de lxs presxs pol√≠ticxs de la Revuelta. 

V√≠a @cuidateyresiste",https://instagram.fscl12-1.fna.fbcdn.net/v/t51.2885-15/e35/123527244_734843130781569_3360509176705651205_n.jpg?_nc_ht=instagram.fscl12-1.fna.fbcdn.net&_nc_cat=109&_nc_ohc=vSoYnDpuOVEAX_m0ffB&tp=18&oh=c66900d247eb1bfa9329221d9bde419a&oe=5FCCE917
13,capucha_informa,0.0,2020-11-03 17:53:55,335.0,"ESTA TARDE ‚îÇ Miembros del Gremio de la Salud se manifestaron esta tarde en la Plaza de la Dignidad exigiendo mas presupuesto para la atenci√≥n primaria. 

V√≠a @Chileinformado1",https://instagram.fscl12-1.fna.fbcdn.net/v/t51.2885-15/e35/123241846_390431072127831_3819144991435709995_n.jpg?_nc_ht=instagram.fscl12-1.fna.fbcdn.net&_nc_cat=103&_nc_ohc=auFzy1WXcDMAX9u4nwz&tp=18&oh=edd4380d0108572414b2af82e0d0bc28&oe=5FA493A5
14,capucha_informa,4.0,2020-11-03 17:31:05,526.0,"DESALOJO EN OLIVAR ‚îÇ ACTUALIZACI√ìN 

El d√≠a lunes 2 de noviembre al medio d√≠a 4 familias fueron desalojadas en Gultro Viejo, las viviendas corresponden a una toma en un terreno que esta al costado de la lineal f√©rrea, propiedad del grupo EFE, quienes junto a carabineros desalojaron violentamente a lxs pobladorxs.

Las familias habr√≠an sido notificadas de un posible desalojo en el mes de septiembre en medio de la pandemia, sin posibilidades de buscar otro lugar donde vivir, sin apoyo del Estado ni del municipio el desalojo se hizo efectivo el d√≠a de ayer. 

La violencia con la cual actu√≥ Carabineros de chile contra lxs pobladorxs fue brutal, ante el minino acto de provocaci√≥n fueron atacados con gas pimienta, lumas y eran detenidxs. 

Durante el mes de noviembre seguir√°n los desalojos a lxs pobladorxs seg√∫n las notificaciones que envi√≥ EFE y el municipio  sigue sin hacer nada mientras los esbirros del estado dejan familias en la calle.",https://instagram.fscl12-1.fna.fbcdn.net/v/t51.2885-15/e35/123368118_120883822949625_4057786744571626205_n.jpg?_nc_ht=instagram.fscl12-1.fna.fbcdn.net&_nc_cat=109&_nc_ohc=h3xGR1GwW0gAX8VT9U3&tp=18&oh=5f23fdddb9fc0921b553a3fd5f83bc62&oe=5FCBEFCA&ig_cache_key=MjQzNDQxMjk5ODQ0OTA0ODE1Mg%3D%3D.2
15,capucha_informa,1.0,2020-11-03 17:04:53,237.0,"DIFUNDIMOS ‚îÇ Cicletada ""Primer Martes del Mes"" 

HOY cicletada a las 19;00 hrs en  la Plaza de la Resistencia (Ex An√≠bal Pinto) #NoMasCiclistasMuertxs 

V√≠a @movilizacionesvalpoyvina",https://instagram.fscl12-1.fna.fbcdn.net/v/t51.2885-15/e35/123367113_447034289992770_4874883566715465079_n.jpg?_nc_ht=instagram.fscl12-1.fna.fbcdn.net&_nc_cat=106&_nc_ohc=viETD4CiRx0AX_A4m_X&tp=18&oh=0bd078f152c6253c99bd05eba16e5dc2&oe=5FCC0B9E&ig_cache_key=MjQzNDM5OTgxMDA4MDkwMTg4MA%3D%3D.2
16,capucha_informa,1.0,2020-11-03 16:53:52,604.0,"PAULINA ‚îÇ DESAPARECIDA 30 OCTUBRE 

Paulina de 17 a√±os lleva desaparecida desde las 12:30 hrs del Viernes 30 de Octubre, en el sector de Estaquilla, comuna de los Muermos en la regi√≥n de Los Lagos. 

Cualquier informaci√≥n al contacto del afiche.",https://instagram.fscl12-1.fna.fbcdn.net/v/t51.2885-15/e35/123721522_3431280563573913_3695983129901401954_n.jpg?_nc_ht=instagram.fscl12-1.fna.fbcdn.net&_nc_cat=109&_nc_ohc=gaswof4HOrIAX9FRdV8&tp=18&oh=8269a238a7712d93e4823f8a3a504b27&oe=5FCC882B
17,capucha_informa,108.0,2020-11-03 16:02:57,4570.0,"AYER  As√≠ fueron desalojadas familias en la comuna de Olivar, sexta regi√≥n. 

Lxs pobladorxs adem√°s de ser desalojados violentamente, fueron detenidos y atacados con gas pimienta por los #PacosSinGloria, todo esto mientras demol√≠an las casas sin que nadie se preocupe donde van a vivir nuevamente estas familias.",https://instagram.fscl12-1.fna.fbcdn.net/v/t51.2885-15/e35/123367591_751899098871599_5036778780067013728_n.jpg?_nc_ht=instagram.fscl12-1.fna.fbcdn.net&_nc_cat=111&_nc_ohc=8fxVrYsdHpIAX-Rzi-O&tp=18&oh=bd929ef9ee8635d9950803916b86535d&oe=5FA50E90
18,capucha_informa,109.0,2020-11-03 15:57:09,6298.0,"FEMICIDIO VALDIVIA‚îÇ Tania Macarena Bustamante 

AYER Tania fue asesinada por su pareja, el hombre le disparo con una escopeta caus√°ndole la muerte, esto se produce en un contexto de violencia donde vecinxs ya habr√≠an intentado interceder en la situaci√≥n, sin embargo el agresor termino con la vida de Tania la madrugada de este Lunes.

Marco Fuentes intento suicidarse con la misma escopeta, sin embargo no logro hacerlo y ahora se encuentra con riesgo vital en el Hospital regional, se encuentra en calidad de detenido. 

El hombre tenia antecedentes y llevaba dos meses de convivencia con Tania, la due√±a del Inmueble menciono que los hechos de violencia eran reiterados. 

#JusticiaParaTaniaBustamante",https://instagram.fscl12-1.fna.fbcdn.net/v/t51.2885-15/e35/123314068_391417832230041_6700930748650453056_n.jpg?_nc_ht=instagram.fscl12-1.fna.fbcdn.net&_nc_cat=109&_nc_ohc=suldjSgoukAAX8rQUJ-&tp=18&oh=c132c59303e0dc51f3b8d3507e57af44&oe=5FCB478A&ig_cache_key=MjQzNDM2NTcxOTMwNjQyMDUzMg%3D%3D.2
19,capucha_informa,45.0,2020-11-03 15:21:13,3805.0,"#PacosAsesinos ‚îÇ DENUNCIA Hombre que habr√≠a sido atacado por el carro lanza aguas N¬∞42 de carabineros de Chile el viernes pasado presenta graves quemaduras en la piel que con el pasar de los d√≠as han ido empeorando.

 ¬øQui√©n nos cuida de los pacos?",https://instagram.fscl12-1.fna.fbcdn.net/v/t51.2885-15/e35/123264350_421951362529800_4570715129249472860_n.jpg?_nc_ht=instagram.fscl12-1.fna.fbcdn.net&_nc_cat=100&_nc_ohc=l1E8emzaW6AAX_7zHM7&tp=18&oh=dbdeef0b0b700ca6442f2a7c64ccf42e&oe=5FCDA126
20,capucha_informa,2.0,2020-11-03 15:19:41,636.0,"AYER ‚îÇMontevideo, Uruguay: Este fin de semana, en varias ciudades de territorio ocupado por el estado uruguayo, con la excusa de las medidas sanitarias, la polic√≠a militarizada desarrollo operativos represivos con un despliegue claramente intimidatorio de motos, balas de goma, armas largas, lumas, escudos y decenas de efectivos para desalojar espacios p√∫blicos de reuni√≥n, en un pa√≠s que no tuvo ni tiene medidas de confinamiento obligatorio ni toque de queda.

Las jornadas terminaron con 14 detenidos confirmados y fueron direccionadas particularmente a j√≥venes, adolescentes y personas de la comunidad afro. Agravado por el aval de la reciente aprobaci√≥n de la llamada Ley de Urgente Consideraci√≥n y sus art√≠culos m√°s regresivos, estas acciones no son un hecho aislado sino que visualizan una forma de accionar del aparato represivo cada vez menos preocupado por guardar las apariencias.

Ayer en la tarde, cientos de personas, organizaciones y colectivas se reunieron en una de las plazas de Montevideo donde la represi√≥n fue mas brutal para una movilizacion antirepresiva, bajo la consigna ‚Äúcontra la violencia policial, acci√≥n directa y solidaridad‚Äù en repudio al accionar del aparato represivo del estado y en apoyo a quienes fueron baleados, golpeados, violentados y detenidos.",https://instagram.fscl12-1.fna.fbcdn.net/v/t51.2885-15/e35/123286312_664817487510592_3258054686729137975_n.jpg?_nc_ht=instagram.fscl12-1.fna.fbcdn.net&_nc_cat=104&_nc_ohc=KXemi71FDJgAX8cEBsR&tp=18&oh=249cd161519cf8a4ba366c068b7e0b75&oe=5FCB599C&ig_cache_key=MjQzNDM0Njg2MzYwMjk3MjA4Mg%3D%3D.2
21,capucha_informa,232.0,2020-11-03 15:16:05,8802.0,"#NoMasCiclistasMuertxs ‚îÇ Asesinos al volante 

As√≠ es como los los conductores irresponsables (micro) terminan con la vida de lxs ciclistas, conductores que no respetan los sem√°foros, las v√≠as exclusivas, la velocidad, las ciclov√≠as y menos la vida de las otras personas. 

V√≠a @revolucionciclista",https://instagram.fscl12-1.fna.fbcdn.net/v/t51.2885-15/e35/123568311_371663187220516_4730683349565822309_n.jpg?_nc_ht=instagram.fscl12-1.fna.fbcdn.net&_nc_cat=104&_nc_ohc=nZjzX81wnNAAX86CxIp&tp=18&oh=e64a68eef151f51824511f9b55076fea&oe=5FA4B64B
22,capucha_informa,6.0,2020-11-03 15:15:07,1372.0,"NOVIEMBRE ‚îÇ Lxs Secundarixs contin√∫an movilizadxs y despiertxs. 

""Mientras los poderosos celebran su victoria, los secundarios debemos luchar y organizarnos hasta conseguir la educaci√≥n digna, porque con una nueva constituci√≥n no la traer√°.""

V√≠a @secundariosenrebeldia",https://instagram.fscl12-1.fna.fbcdn.net/v/t51.2885-15/e35/123252561_880696059427050_4765641114723100065_n.jpg?_nc_ht=instagram.fscl12-1.fna.fbcdn.net&_nc_cat=106&_nc_ohc=r1Gf01Pbc44AX-IBfpv&tp=18&oh=625d5eaee1cb233cedd1db1211950700&oe=5FCBBF28
23,capucha_informa,7.0,2020-11-03 14:36:06,1783.0,"#LibertadALosPresosPoliticos  Esta ma√±ana el S√©ptimo Tribunal Oral en lo Penal de Santiago anunci√≥ la absoluci√≥n y libertad inmediata de Daniel Morales Mu√±oz y su sobrino, el adolescente B.E.S.M. El Ministerio P√∫blico hab√≠a solicitado 20 a√±os de c√°rcel para Morales, y 10 a√±os de internaci√≥n provisoria para el NNA, en base a pruebas que ahora fueron declaradas ilegales.

El link a la nota en nuestras historias. üì≤üì±

https://bit.ly/3jSINp6",https://instagram.fscl12-1.fna.fbcdn.net/v/t51.2885-15/fr/e15/s1080x1080/123517265_381732983014290_6569715112658222713_n.jpg?_nc_ht=instagram.fscl12-1.fna.fbcdn.net&_nc_cat=106&_nc_ohc=Dan5qzXIqkUAX84RNm_&oh=ee9958db05d0358ee5b83bafe720b150&oe=5FCBA674&ig_cache_key=MjQzNDMyNDkyNjcwNTM2ODAyNg%3D%3D.2
24,capucha_informa,20.0,2020-11-03 03:51:56,1047.0,"Se ha hecho historia, se gan√≥ un plebiscito de manera aplastante para modificar la constituci√≥n, un gran logro para el pueblo movilizado, o eso es lo que nos quieren hacer pensar. Si bien es innegable que el domingo se hizo historia, deber√≠amos tener cuidado de creer que la ciudadan√≠a est√° siendo conductora de los cambios. Al contrario, los pueblos s√≥lo son testigos de la transfiguraci√≥n del Estado Guzmaniano. Hay que ser claros, el Apruebo ha triunfado en un proceso impuesto desde arriba; se ha confirmado en una suerte de gran encuesta lo que el a√±o pasado era obvio, el anhelo de un cambio radical en la estructura de Chile. Antes de celebrar este supuesto triunfo nos debemos preguntar ¬øpor qu√© un plebiscito si las fuerzas hist√≥ricas ya hablaron fuerte en las calles?

Enlace a la noticia en el link de nuestra bio o nuestras historias üì≤

https://capuchainformativa.org/proceso-constitucional-que-esperanza-real-de-cambio-tenemos/",https://instagram.fscl12-1.fna.fbcdn.net/v/t51.2885-15/fr/e15/s1080x1080/123324556_397549511624317_2356453425710036881_n.jpg?_nc_ht=instagram.fscl12-1.fna.fbcdn.net&_nc_cat=101&_nc_ohc=Bc_PVcQoshwAX8e0oDg&oh=ac18cf2b2b154bcdf0fc613f4381cb2f&oe=5FCCFF18&ig_cache_key=MjQzNDAwMDcwODcxNzI4NjQ1OA%3D%3D.2
25,capucha_informa,6.0,2020-11-03 03:46:09,848.0,"El General Enrique Bassaletti, jefe de la Zona Este de Santiago, cuenta con un sumario de Contralor√≠a por su responsabilidad administrativa, y de otros seis generales, por la represi√≥n policial que sufrieron manifestantes durante la revuelta social. En noviembre del 2019, se refer√≠a a esta situaci√≥n con declaraciones [nefastas] donde utilizaba como ejemplo los tratamientos tradicionales contra el c√°ncer para justificar la violencia ejercida: ‚Äúpara matar c√©lulas malas, a veces se matan c√©lulas buenas‚Äù.

A esto se le suma una nueva denuncia en Contralor√≠a interpuesta por la Diputada Cristina Girardi, donde se exige que el organismo se pronuncie, investigue y fiscalice al general por ‚Äúposibles faltas a la probidad e incumplimiento de la normativa p√∫blica y administrativa‚Äù.

Enlace a la noticia en el link de nuestra bio o nuestras historias üì≤

https://capuchainformativa.org/altos-mandos-de-carabineros-involucrados-en-denuncia-por-conflicto-de-intereses-y-utilizacion-de-recursos-publicos-con-chiletabacos/",https://instagram.fscl12-1.fna.fbcdn.net/v/t51.2885-15/fr/e15/s1080x1080/123285230_112280930567319_4680986209488419146_n.jpg?_nc_ht=instagram.fscl12-1.fna.fbcdn.net&_nc_cat=103&_nc_ohc=rbToSimEWUwAX_kLkil&oh=3e04310db5f6cd1ee63b3eab14e85fe8&oe=5FCBD5B6&ig_cache_key=MjQzMzk5Nzc5MjE4Mjk5NjA3OQ%3D%3D.2
26,capucha_informa,58.0,2020-11-03 03:37:31,1515.0,"El mi√©rcoles reci√©n pasado, el Consejo Regional de Ays√©n y sus integrantes se enteraron de que el viernes 30 de Octubre, se deb√≠a votar una propuesta de concesi√≥n onerosa por 30 a√±os de alrededor de 10 mil hect√°reas a la fundaci√≥n Parque La Tapera, fundaci√≥n estrechamente vinculada a la familia Luksic. Esta solicitud se habr√≠a hecho a trav√©s del Ministerio de Bienes Nacionales, quien habr√≠a puesto en votaci√≥n consultiva y no vinculante la discusi√≥n del proyecto.

La fundaci√≥n es presidida por Maria Paola Luksic Fontbona, y ya habr√≠a adquirido, a trav√©s de la fundaci√≥n y para el Parque La Tapera, otras 12 mil hect√°reas colindantes al Parque Nacional Bernardo O‚ÄôHiggins entre los a√±os 2014 y 2017. El proyecto consiste en la cesi√≥n de 10.060 hect√°reas cercanas al glaciar Jorge Montt, en la comuna de Tortel, a la fundaci√≥n para el desarrollo de actividades econ√≥micas de turismo y la conservaci√≥n, y se establece una renta concesional anual por 450 UF. El sector que se busca anexar es de suma importancia y estrat√©gico, ya que es la principal conexi√≥n terrestre de la zona con Magallanes para la proyecci√≥n de la carretera Austral Sur.

Enlace a la noticia en el link de nuestra bio o nuestras historias üì≤

https://capuchainformativa.org/gobierno-ingresa-proyecto-en-aysen-para-ceder-10-mil-hectareas-protegidas-a-fundacion-vinculada-a-familia-luksic/",https://instagram.fscl12-1.fna.fbcdn.net/v/t51.2885-15/fr/e15/s1080x1080/123491525_400335291096878_1308366611801579055_n.jpg?_nc_ht=instagram.fscl12-1.fna.fbcdn.net&_nc_cat=102&_nc_ohc=pyinkOgXxEkAX_bsbSX&oh=2b477c8830d0796e4804630f19961e11&oe=5FCBD115&ig_cache_key=MjQzMzk5MzQ0Nzg5MDU2ODI2Nw%3D%3D.2
27,capucha_informa,27.0,2020-11-03 02:28:06,517.0,"La jefa de la cartera, Consuelo Vald√©s, se refiri√≥ al presupuesto que recibir√° el pr√≥ximo a√±o y que espera que sea de un 1%.

Este lunes la ministra de las Culturas y de las Artes, Consuelo Vald√©s habl√≥ del presupuesto que recibir√° su cartera para 2021. En esa l√≠nea, asegur√≥ que: ‚Äúson recursos de todos los chilenos y un peso que se coloque en cultura es porque se deja de colocar en otro programa o necesidad de los ciudadanos‚Äù.

Durante una entrevista en CNN Chile, Vald√©s habl√≥ del presupuesto de su cartera que se espera sea de un 1%. ‚ÄúLa pandemia y el estallido social de octubre ha golpeado en forma muy inesperada y muy severa al sector cultural‚Äù, se√±al√≥.

Adem√°s, la ministra asegur√≥ que ‚Äúel ministerio no tiene atribuciones para entregar ayudas sociales‚Äù, a pesar de la consulta sobre colectivos de arte de marzo, pero que s√≠ trabajaron en ‚Äúconvocatorias y fondos especiales‚Äù. Algo que obviamente nunca existi√≥.

Enlace a la noticia en el link de nuestra bio o nuestras historias üì≤

https://capuchainformativa.org/ministra-de-las-in-culturas-cada-peso-en-cultura-se-deja-de-colocar-en-otro-programa-o-necesidad-de-los-ciudadanos/",https://instagram.fscl12-1.fna.fbcdn.net/v/t51.2885-15/fr/e15/s1080x1080/123415315_119637673253608_5040214684654821169_n.jpg?_nc_ht=instagram.fscl12-1.fna.fbcdn.net&_nc_cat=104&_nc_ohc=f1c5sb95xU8AX9z5OUa&oh=7620d73a210fdb7fccd43d5129a09fde&oe=5FCCD9D8&ig_cache_key=MjQzMzk1ODUxMjM2NjU0NDc5MA%3D%3D.2
28,capucha_informa,0.0,2020-11-03 01:30:37,199.0,"CAPUCHA PODCAST ‚îÇEn este cap√≠tulo especial, discutimos sobre las diferentes contradicciones que atraviesan la sociedad y el Estado norteamericano, reflexionando sobre las distintas fformas en que nos vemos influenciados por el Imperio norteamericano en decadencia.

Puedes escucharlo en Youtube o en Spotify, enlace en el link de nuestra bio o nuestras historias üì≤

https://www.youtube.com/watch?v=fnQ6_OxAZ4o",https://instagram.fscl12-1.fna.fbcdn.net/v/t51.2885-15/e35/123283263_188336159430518_998531768912621855_n.jpg?_nc_ht=instagram.fscl12-1.fna.fbcdn.net&_nc_cat=102&_nc_ohc=3DN3J42up5gAX-16hCF&tp=18&oh=86557ffa735b84aa4adac23dae5087da&oe=5FCD2235&ig_cache_key=MjQzMzkyOTU3NDQ3MDgzNTQwNQ%3D%3D.2
29,capucha_informa,32.0,2020-11-02 19:42:35,2853.0,"JUSTICIA $HILENA ‚îÇ Anderson Rayo Andrade 
 
Tribunal Oral en lo Penal de Punta Arenas dio por cumplida  la pena de Anderson Rayo tras haber roto un vidrio de una sucursal de banco Estado durante la revuelta y que lo mantuvo durante un a√±o en prisi√≥n preventiva.
 
La sentencia se dio a conocer el d√≠a de ayer a las 13:00 donde fue condenado a 100 d√≠as de reclusi√≥n por des√≥rdenes p√∫blicos y 200 d√≠as  por da√±os simples, pena que el tribunal dio ""por cumplida"" tras llevar m√°s de 300 d√≠as cumpliendo prisi√≥n preventiva, Anderson qued√≥ con arraigo nacional y firma quincenal.
 
La fiscal√≠a persegu√≠a una pena de 6 a√±os para el imputado ya que el Ministerio P√∫blico lo hab√≠a acusado por ""da√±os a monumentos nacionales"", acusaci√≥n que precisamente buscaba que el imputado fuera condenado con la mayor cantidad de a√±os posibles por romper un vidrio y que fue recalificada como da√±os simples, en los pr√≥ximos d√≠as se espera que se interponga un recurso de nulidad ante la Corte de Apelaciones para desestimar la decisi√≥n de los jueces.
 
$hile el √∫nico pa√≠s del mundo donde los violadores y corruptos est√°n sueltos y por romper un vidrio te vas preso.",https://instagram.fscl12-1.fna.fbcdn.net/v/t51.2885-15/e35/123213494_125942135705332_888422562096797064_n.jpg?_nc_ht=instagram.fscl12-1.fna.fbcdn.net&_nc_cat=104&_nc_ohc=nPcirdXQ5rkAX9cYiKt&tp=18&oh=f4adb776b900dd832755f5863d7b58a9&oe=5FCB617B&ig_cache_key=MjQzMzc1NDQwNTE2MDcwMTI0NA%3D%3D.2
30,capucha_informa,1.0,2020-11-02 18:55:53,1294.0,"ESTA TARDE ‚îÇBarrotazo y manifestaciones a las afueras de la c√°rcel  de Alto Hospicio.
 
Familiares de los presxs pol√≠ticxs se manifestaron durante la jornada de hoy exigiendo su libertad, luego de pasar meses en prisi√≥n preventiva sin que las investigaciones avancen y tras 6 meses sin recibir visitas.
 
el aislamiento tambi√©n es tortura. 
 
V√≠a @manifestacionesiquique",https://instagram.fscl12-1.fna.fbcdn.net/v/t51.2885-15/e35/123253784_370446194393688_6053010521925396096_n.jpg?_nc_ht=instagram.fscl12-1.fna.fbcdn.net&_nc_cat=100&_nc_ohc=lXIhFIxtwRwAX-AYJ9k&tp=18&oh=64817424710ffb7b64c0a5cb05f0cafa&oe=5FCC5967
31,capucha_informa,2.0,2020-11-02 17:26:07,888.0,"SAN MIGUEL ‚îÇHOY durante el Barrotazo Las presas de la c√°rcel de mujeres manifiestan desde el interior de la c√°rcel exigiendo la restituci√≥n de las visitas, ""el aislamiento es tortura"".",https://instagram.fscl12-1.fna.fbcdn.net/v/t51.2885-15/e35/123443643_3391761027559069_8886146784667188159_n.jpg?_nc_ht=instagram.fscl12-1.fna.fbcdn.net&_nc_cat=101&_nc_ohc=MfwhUrBmbCEAX9dTlrJ&tp=18&oh=a2042b88581d3b4952bc2ea59dce325f&oe=5FA4C76B
32,capucha_informa,18.0,2020-11-02 17:21:06,290.0,"EL EMPRENDIMIENTO CONSTITUCIONAL DE LA ELITE ‚îÇ Tras el triunfo en el pasado plebiscito del 25 de octubre de la opci√≥n 'Apruebo' que estableci√≥ la posibilidad de cambiar la Constituci√≥n a trav√©s del mismo sistema pol√≠tico partidista y electoral elaborado por Jaime Guzm√°n y perfeccionado durante la partidocroacia neoliberal, El Mercurio inform√≥ sobre la realizaci√≥n de un programa educativo organizado por Libertad y Desarrollo (LyB) -dirigido por la ex ministra de Educaci√≥n Marcela Cubillos- en conjunto con la Universidad Aut√≥noma (cuyo rector es el militante te de RN y ex canciller Teodoro Rivera) con el fin de ""preparar a eventuales candidatos a constituyentes, futuros asesores de la Convenci√≥n Constitucional o personas que sigan de cerca el proceso"". 

As√≠, los ""derrotados"" del pasado proceso electoral por medio del principal centro de influencia factica de la UDI en la creaci√≥n de pol√≠ticas p√∫blicas apuntadas a subsidiar y desregular al mercado en el √°mbito de los servicios publicos durante los √∫ltimos 30 a√±os, pretenden seguir incidiendo ideologicamente mediante el diplomado ‚ÄúDesarrollo Institucional: Convenci√≥n Constituyente‚Äù, el cual, seg√∫n su coordinador acad√©mico y tambi√©n director del √Årea Pol√≠tica de LyB y ex subsecretario del Interior Rodrigo Ubilla (uno de los principales responsables pol√≠ticos del asesinato de Camilo Catrillanca y de la represi√≥n policial durante la revuelta), busca ""contribuir desde las ideas a las pol√≠ticas p√∫blicas. Esta experiencia es √∫nica hasta el momento y permitir√° profesionalizar el aporte de quienes sean parte del proceso constituyente‚Äù. 

Es decir, una nueva estrategia de la derecha pol√≠tica de introducir la mirada principalmente economicista y neutralizadora de los cambios sociales a un proceso que -supuestamente- pretente dejar atr√°s la herencia pol√≠tica de Pinochet, pero con el mismo sistema pol√≠tico y electoral establecido por la Constituci√≥n del 80 que asegura el poder de veto a la derecha hacia iniciativas de cambio social (regla de los 2 tercios) y la elecci√≥n a cargos de representaci√≥n popular a candidatos vinculados a partidos pol√≠ticos (sistema de listas) en desmedro de candidatos independientes.

V√≠a @Radiovillaf",https://instagram.fscl12-1.fna.fbcdn.net/v/t51.2885-15/e35/123330444_805957696865494_8941186973864092006_n.jpg?_nc_ht=instagram.fscl12-1.fna.fbcdn.net&_nc_cat=110&_nc_ohc=K1t4Ko2H8lIAX_xWsmH&tp=18&oh=f6feb45286c73354efa5b70ded65a69a&oe=5FCCBB69&ig_cache_key=MjQzMzY4MzE5OTA1NzQwNjU0MQ%3D%3D.2
33,capucha_informa,142.0,2020-11-02 17:15:41,1748.0,"DENUNCIA ‚îÇ Brutal detenci√≥n a 2 personas por parte de uniformados de carabineros y de las FF.AA. 

Esto sucedi√≥ Ayer, domingo 1 de noviembre en el sector SOCOVESA de Puerto Montt, donde la joven fue violentamente reducida por los esbirros del estado. 

V√≠a @radiovillafrancia",https://instagram.fscl12-1.fna.fbcdn.net/v/t51.2885-15/e35/123246609_386141542746221_1937829354148239671_n.jpg?_nc_ht=instagram.fscl12-1.fna.fbcdn.net&_nc_cat=105&_nc_ohc=XUD_NvZhrM0AX_7ihUj&tp=18&oh=dbe10dd577ac72895f12fe019107c2cc&oe=5FA4A100
34,capucha_informa,9.0,2020-11-02 17:13:12,2570.0,"2 DE NOVIEMBRE ‚îÇ #SanMiguel Jornada de agitaci√≥n exigiendo restituir el derecho a visitas de las presas de la c√°rcel de Mujeres, presas que se han manifestado anteriormente por las condiciones de hacinamiento en el que las mantiene gendarmer√≠a, adem√°s no contar con agua ni luz.",https://instagram.fscl12-1.fna.fbcdn.net/v/t51.2885-15/e35/123526887_2800784430178354_3821262053545436921_n.jpg?_nc_ht=instagram.fscl12-1.fna.fbcdn.net&_nc_cat=110&_nc_ohc=KgRiPbcC7iYAX8r7p4V&tp=18&oh=55fa86e7956cebbbc3c86087161b68dc&oe=5FA4CEF3
35,capucha_informa,25.0,2020-11-02 17:12:38,563.0,"AYER Los presos de Santiago 1 se manifiestan exigiendo la reanudaci√≥n de las visitas. 

Libertad a todxs lxs presxs pol√≠ticos de la Revuelta! 

V√≠a @coordinadora18octubre",https://instagram.fscl12-1.fna.fbcdn.net/v/t51.2885-15/e35/123496385_200903094892662_1100865718169224748_n.jpg?_nc_ht=instagram.fscl12-1.fna.fbcdn.net&_nc_cat=106&_nc_ohc=3AXIqBz-M7kAX-BlDGW&tp=18&oh=6eda9ea6aebc2f8ddb243499a64d84ee&oe=5FA4B5CD
36,capucha_informa,2.0,2020-11-02 17:08:05,727.0,"ESTA TARDE ‚îÇ Manifestaciones afuera del Penal Llankahue de Valdivia exigiendo la libertad de lxs presxs pol√≠ticxs y la restituci√≥n de las visitas a lxs presxs.

V√≠a  @ChileInformado1",https://instagram.fscl12-1.fna.fbcdn.net/v/t51.2885-15/e35/123196097_1013878959086130_3440397416566238745_n.jpg?_nc_ht=instagram.fscl12-1.fna.fbcdn.net&_nc_cat=106&_nc_ohc=1UzmyFpHUUYAX8lxhGc&tp=18&oh=06078c2ff14af91daefe88b8bca638b7&oe=5FCCA96F&ig_cache_key=MjQzMzY3NjY0NjcxNTY0NzEyOA%3D%3D.2
37,capucha_informa,1.0,2020-11-02 17:07:23,426.0,"ESTA TARDE ‚îÇ Manifestaciones y Barrotazo en Concepci√≥n, afuera de la c√°rcel El Manzano exigiendo libertad para lxs presxs pol√≠ticxs. 

V√≠a @chileinformado1",https://instagram.fscl12-1.fna.fbcdn.net/v/t51.2885-15/e35/123276696_393804021802929_6915726634195858105_n.jpg?_nc_ht=instagram.fscl12-1.fna.fbcdn.net&_nc_cat=109&_nc_ohc=XGBFdUKbhj4AX9aZ7QW&tp=18&oh=31076f8470d7a9cc52ba1616d51b4656&oe=5FA4A845
38,capucha_informa,4.0,2020-11-02 17:06:45,1570.0,#LibertadALosPresxsPol√≠ticos  HOY Barrotazo en la c√°rcel de mujeres de #SanMiguel.,https://instagram.fscl12-1.fna.fbcdn.net/v/t51.2885-15/e35/123161233_273779740685732_1256406886748974412_n.jpg?_nc_ht=instagram.fscl12-1.fna.fbcdn.net&_nc_cat=108&_nc_ohc=bfQZyk0Pr1IAX8F114X&tp=18&oh=c3d7d76e9c5d0d6e777292fdea8e2709&oe=5FCD5FD9&ig_cache_key=MjQzMzY3NTk3NjU4MzM5Nzk5MA%3D%3D.2
39,capucha_informa,3.0,2020-11-02 01:48:20,1264.0,"PACOS CRIMINALES‚îÇ Jos√© Huenante fue desaparecido a sus 16 a√±os por funcionarios de carabineros el 2005, en la poblaci√≥n Mirasol de Puerto Montt.

El proceso de investigaci√≥n por la desaparici√≥n de Jos√© estuvo repleto de negaciones, obstaculizaci√≥n, extorsi√≥n y hostigamiento a su familia.

En un comienzo fueron detenidos y dados de baja los funcionarios de carabineros Patricio Mena, C√©sar Vidal y Juan Altamirano, por el delito de secuestro y alteraci√≥n de evidencia. Sin embargo, posteriormente la causa ser√≠a tomada por la Fiscal√≠a Militar quien desestim√≥ las acusaciones, reintegrando a sus funciones a los involucrados en el a√±o 2010.

Jos√© fue el segundo desaparecido en democracia, hoy 1 de noviembre de 2020 cumplir√≠a 32 a√±os.

¬°Nadie ser√° olvidado!",https://instagram.fscl12-1.fna.fbcdn.net/v/t51.2885-15/e35/123367347_1266173460385848_5294631293366951524_n.jpg?_nc_ht=instagram.fscl12-1.fna.fbcdn.net&_nc_cat=100&_nc_ohc=-ovLax32BdUAX_q4b6s&tp=18&oh=c81adfe46e1de26f114400fc222876ed&oe=5FCC4BFE&ig_cache_key=MjQzMzIxMzcxNTYyODU1OTQ5OA%3D%3D.2
40,capucha_informa,0.0,2020-11-02 01:45:26,339.0,"DIFUNDIMOS ‚îÇBarrotazos y concentraciones afuera de las c√°rceles de todo el territorio, por la recuperaci√≥n de las visitas en las c√°rceles.

Lunes 2 de noviembre 11:00 hrs. 

¬°ABAJO LOS MUROS DE LAS PRISIONES! 

V√≠a @ofapp_

#LibertadAlxsPresxsPol√≠ticxs",https://instagram.fscl12-1.fna.fbcdn.net/v/t51.2885-15/e35/123144803_181891800087013_3407563829484895105_n.jpg?_nc_ht=instagram.fscl12-1.fna.fbcdn.net&_nc_cat=101&_nc_ohc=J2IwA--US2gAX98Cf9f&tp=18&oh=6a446d63aaf3ce89dc54694609277e5a&oe=5FCDBE17
41,capucha_informa,21.0,2020-11-02 00:16:21,450.0,"REPRESI√ìN POLICIAL ‚îÇ ‚ÄúDurante la madrugada del pasado 26 de octubre un hombre de 32 a√±os persona fue detenida por Carabineros en la comuna de Hijuelas (Quinta Regi√≥n) luego de ser sorprendida infringiendo el toque de queda, momento en el que un funcionario policial sin mediar ning√∫n tipo de di√°logo comenz√≥ a propinarle numerosos golpes de pu√±o, adem√°s de azotar la cabeza de la persona contra una muralla.

Agresi√≥n completamente desmedida que fue captada por una c√°mara de seguridad privada, la cual continu√≥ despu√©s de que otro carabinero bajara de un vehiculo policial para seguir golpeando a la v√≠ctima que, tras ser llevada a un recinto policial, qued√≥ detenido por una infracci√≥n al art√≠culo 318 del C√≥digo Penal (delito contra la salud p√∫blica) y tambi√©n debido al desacato a una medida cautelar de arresto domiciliario total.

Finalmente, el subprefecto de la Prefectura Marga Marga, teniente coronel Pablo Silva confirm√≥ la baja de ambos funcionarios tras la agresi√≥n por no cumplir los protocolos para la detenci√≥n, esto tras se difundiera la grabaci√≥n por redes sociales en donde los ahora ex uniformados se les muestra ejerciendo dichos actos de abuso de poder y violencia injustificada.

En este sentido, la Fiscal√≠a Regional de Valpara√≠so fue informada de la mencionada situaci√≥n que involucra a la instituci√≥n policial dirigida por Mario Rozas, por lo que ya comenz√≥ a dar curso a una investigaci√≥n criminal por los delitos de apremios ileg√≠timos en contra de los polic√≠as dados de baja.‚Äù
V√≠a @radiovillafrancia",https://instagram.fscl12-1.fna.fbcdn.net/v/t51.2885-15/e35/123366651_202322731512438_5694824110620780478_n.jpg?_nc_ht=instagram.fscl12-1.fna.fbcdn.net&_nc_cat=106&_nc_ohc=aGVNOwUjos4AX9o6xKq&tp=18&oh=4304d5c99223417333a018553887c71e&oe=5FA538B3
42,capucha_informa,8.0,2020-11-02 00:05:48,1310.0,"PRESXS POL√çTICXS ‚îÇ Lunes 2 de noviembre jornada de agitaci√≥n por el retorno de las visitas en las c√°rceles. 

AISLAMIENTO ES TORTURA!

V√≠a @aignicion",https://instagram.fscl12-1.fna.fbcdn.net/v/t51.2885-15/e35/123144733_352936309123571_8652097191001184762_n.jpg?_nc_ht=instagram.fscl12-1.fna.fbcdn.net&_nc_cat=111&_nc_ohc=dwI_IG1PJNcAX9ERkZM&tp=18&oh=85379b43c5c86932a74270372d7db20a&oe=5FCCA654&ig_cache_key=MjQzMzE2MjExNDc5MjYyNTIxNg%3D%3D.2
43,capucha_informa,1.0,2020-11-01 01:50:23,260.0,"DECLARACIONES ‚îÇ Coordinadora de victimas de trauma ocular desmiente a pol√≠ticos que habr√≠an impulsado proyecto de ley que busca reparaci√≥n por parte del estado, la Coordinadora no habr√≠a participado en la formulaci√≥n de este proyecto como se menciono.

V√≠a @victimastraumaocular",https://instagram.fscl12-1.fna.fbcdn.net/v/t51.2885-15/e35/123126252_1231184460601698_2372884469554377934_n.jpg?_nc_ht=instagram.fscl12-1.fna.fbcdn.net&_nc_cat=106&_nc_ohc=5jLlbvYtdo8AX80QFF6&tp=18&oh=a2690c8fccb5178cffa36800682cc741&oe=5FCC87B5&ig_cache_key=MjQzMjQ4OTk3NTQ0NTg5ODY4OA%3D%3D.2
44,capucha_informa,8.0,2020-11-01 01:49:43,2356.0,"AYER ‚îÇ Organizaciones ciclistas realizaron velat√≥n por Christian Mart√≠nez, otro ciclista atropellado por un bus de Transantiago en Av Santa Isabel con Carmen, comuna de Santiago Centro. 

Nuevamente la irresponsabilidad de lxs conductores termina con la vida de un joven ciclista #NoMasMuertxsPorPedalear 

V√≠a @stgonorte.pedalea",https://instagram.fscl12-1.fna.fbcdn.net/v/t51.2885-15/e35/123338410_167624374994808_8212928856914252859_n.jpg?_nc_ht=instagram.fscl12-1.fna.fbcdn.net&_nc_cat=100&_nc_ohc=_avHar6NGmQAX-2yVgl&tp=18&oh=22ce1a68d55e690ab1a4e9f3590e5bb4&oe=5FCC36C7
45,capucha_informa,4.0,2020-11-01 01:48:20,458.0,"DIFUNDIMOS ‚îÇ MA√ëANA 

Nueva jornada de Revoluci√≥n ciclista, Punto de encuentro Parque Almagro, 11:00 hrs #NoMasMuertxsPorPedalear 

La calle no se suelta, nada ni nadie esta olvidado 

V√≠a @revolucionciclista",https://instagram.fscl12-1.fna.fbcdn.net/v/t51.2885-15/e35/123377124_194310982294129_1989432465382920735_n.jpg?_nc_ht=instagram.fscl12-1.fna.fbcdn.net&_nc_cat=101&_nc_ohc=okAnfQ8xq5IAX-QgHsH&tp=18&oh=5bedf42e044a6de59743ed733505435e&oe=5FCA7D0B&ig_cache_key=MjQzMjQ4ODk0NTYyNjg0OTEwNg%3D%3D.2
46,capucha_informa,0.0,2020-11-01 01:47:46,397.0,"DIFUNDIMOS ‚îÇ MA√ëANA 

Gran CicloMarcha auto convocada La Serena y Coquimbo #NoMasMuertxsPorPedalear desde las 10:00 AM 

Puntos de inicio
‚Ä¢ Coquimbo: Plaza Kevin G√≥mez (Ex am√©ricas) 10:00
‚Ä¢ La Serena: Plaza Romario Veloz (Mall Plaza) 10:00

Punto de encuentro
‚Ä¢ Enjoy  Pe√±uelas 11:00 AM 

V√≠a @cuidateyresiste @coquimbo_reactivo",https://instagram.fscl12-1.fna.fbcdn.net/v/t51.2885-15/e35/123138834_1023470848169538_5122673249777798125_n.jpg?_nc_ht=instagram.fscl12-1.fna.fbcdn.net&_nc_cat=106&_nc_ohc=Vk8mUqiA9LUAX9UcDo_&tp=18&oh=1bc455a41fa31caea2c86b7f6a6c1780&oe=5FCAE81D&ig_cache_key=MjQzMjQ4ODY2MTgzMTY4MjMzOQ%3D%3D.2
47,capucha_informa,0.0,2020-11-01 01:47:16,419.0,"HOY ‚îÇ Movilizaci√≥n en la comuna de La Granja contra el nefasto #MalGobierno de Pi√±era, La calle no se suelta hasta que renuncie el tirano. 

V√≠a @envivoaquiyahoraofficial",https://instagram.fscl12-1.fna.fbcdn.net/v/t51.2885-15/e35/123138835_639765020051838_516500172398523901_n.jpg?_nc_ht=instagram.fscl12-1.fna.fbcdn.net&_nc_cat=106&_nc_ohc=qop1WfIe9nkAX9uYKsY&tp=18&oh=3415c98c2b68214bc87b53ac36ee44de&oe=5FA49401
48,capucha_informa,34.0,2020-11-01 01:46:20,3981.0,"#PacosAsesinos ‚îÇ Tania, brigadista de salud fue brutalmente atacada el 23 de octubre por funcionarios de carabineros con gas pimienta y asegura hasta hoy no poder ver porque tiene sus corneas quemadas. 

Esto ocurri√≥ mientras grababa los nombres de los funcionarios que se encontraban hostigando a los brigadistas y fue cuando un #PacoSinGloria la ataco.
 
‚ÄúMe tiraron gas pimienta a mi v√≠a respiratoria, ojos, nariz, boca y eso me produjo perdida de conocimiento y llegu√© sin saturaci√≥n a la posta central de urgencia, mi hija tambi√©n tuvo shock anafil√°ctico por el tema del gas pimienta, debido a la alergia que produce‚Äù.

La brutalidad de la polic√≠a chilena que ataca indiscriminadamente  a todos por igual deja en evidencia que los elementos de ""protecci√≥n personal"" son utilizado para atacar a civiles, el armamento ""no letal"" utilizado para mutilar a manifestantes y los ""elementos disuasivos"" para castigar a aquellos que se manifiesten sea de forma pacifica o confrontacional.",https://instagram.fscl12-1.fna.fbcdn.net/v/t51.2885-15/e35/123144548_2129047430562096_5201823453763400140_n.jpg?_nc_ht=instagram.fscl12-1.fna.fbcdn.net&_nc_cat=100&_nc_ohc=Amh1b4LZ6eEAX95AazN&tp=18&oh=9f3fc02b663a4648ba9f52733ce49639&oe=5FCCE126&ig_cache_key=MjQzMjQ4NzkzNzgxMTExNDk1NQ%3D%3D.2
49,capucha_informa,137.0,2020-10-31 02:45:35,2784.0,"HOY‚îÇ Familiar de carabinero muerto por un disparo en Wallmapu alega que el oficial habr√≠a sido enviado a allanamiento sin experiencia ni protecci√≥n en un veh√≠culo no blindado. 

T√≠o del funcionario descarta que grupos Mapuche participaron en la muerte del carabinero, alega que se sienten desprotegidos y vulnerados por la instituci√≥n, ""No tenemos Apoyo"".",https://instagram.fscl12-1.fna.fbcdn.net/v/t51.2885-15/e35/123142875_1371932133198571_1104715768724803415_n.jpg?_nc_ht=instagram.fscl12-1.fna.fbcdn.net&_nc_cat=107&_nc_ohc=DvqtUH94In4AX9cA7Y_&tp=18&oh=a1a0b2d17d5abd09197231a4115c0086&oe=5FA502C7
50,capucha_informa,16.0,2020-10-31 02:30:35,1646.0,"DECLARACI√ìN ‚îÇ Lof rofue frente a la represi√≥n y la muerte
de un funcionario de carabineros
 
El Lof Rofue emite la siguiente declaraci√≥n por los hechos que han ocurrido en el d√≠a de hoy viernes 30 de octubre de 2020 y que involucra el espacio de nuestro territorio donde hechos de violencia que surgen en la Ruta 5 Sur espacio propio mapuche, culmina con la muerte de un carabinero de las fuerzas policiales.
Ki√±e: Declaramos ante el pueblo mapuche, opini√≥n p√∫blica y sociedad en general, que el Lof Rofue ha sido hist√≥ricamente violentado y perseguido por el Estado Chileno a consecuencia de la lucha digna del territorio.
Epu: Rofue como otros Lof del Wallmapu comparte plenamente el derecho de reclamos de tierras usurpadas por el parte del Estado, particulares y empresas que, bajo supuesta legitimidad de sus propiedades, ocupan tierras que hist√≥ricamente son mapuche y que han llegado a manos de colonos por v√≠as fraudulentas.  Entonces, como comunidad respaldamos la demanda del Sector Renaco Bajo de nuestro territorio Makewe, el que se encuentra controlado por las comunidades del sector.
K√ºla: Como Lof no contamos con mayores antecedentes de los hechos ocurridos en la muerte del carabinero, sin embargo, lamentamos la muerte de un mapuche, que en defensa de los intereses de los ricos, ofrece su vida. As√≠ tambi√©n, lamentamos profundamente los asesinatos de nuestros pu pe√±i y pu lamien a manos del Estado chileno y argentino, y que a√∫n no tienen justicia. 
Meli: El sustento del gobierno por un acto de emboscada y material de guerra utilizado en este caso nos merece una profunda desconfianza, pues los montajes en el wallmapu son una pr√°ctica recurrente.
Kechu: Finalmente, declaramos a la opini√≥n p√∫blica, que justific√°ndose en la muerte del carabinero, las comunidades fueron violentadas por la polic√≠a, realizando vuelos rasantes en helic√≥ptero, golpizas, controles de identidad ilegales e invasi√≥n de espacios sagrados. As√≠ como tambi√©n la persecuci√≥n a nuestras autoridades ancestrales.
 
Amulepe tai√± weichan. 
Ki√±e weichafe txananagle, Marri weichafe witxap√ºrrayai.
Marrichiwew.
 
Rofue, 30 octubre 2020.",https://instagram.fscl12-1.fna.fbcdn.net/v/t51.2885-15/e35/123111091_778936326284187_3147853911492672176_n.jpg?_nc_ht=instagram.fscl12-1.fna.fbcdn.net&_nc_cat=103&_nc_ohc=ssVVguxhIn4AX-Ys3I_&tp=18&oh=b801433b9f8ddaac4f574215a0bf31d0&oe=5FCBCD0B&ig_cache_key=MjQzMTc4NTQzMDMzNTkxNTQ1MQ%3D%3D.2
51,capucha_informa,354.0,2020-10-31 01:47:31,9203.0,"Una vez mas la brutalidad policial contra manifestantes destruye la teor√≠a de que esto es una ""Democracia"".

En total impunidad agreden a la T√≠a Pikachu y la roc√≠an con gas pimienta, mientras detienen y reprimen a los dem√°s manifestantes",https://instagram.fscl12-1.fna.fbcdn.net/v/t51.2885-15/e35/123039669_926875247849173_5898077185273848793_n.jpg?_nc_ht=instagram.fscl12-1.fna.fbcdn.net&_nc_cat=101&_nc_ohc=wFwGisAwAmoAX8XR_yU&tp=18&oh=ce5fd0268f45798155638042d1bc522d&oe=5FA4E13E
52,capucha_informa,5.0,2020-10-31 00:23:19,2981.0,"#PlazaDignidad‚îÇ AHORA Manifestantes se congregan en Plaza de la Dignidad a exigir la liberaci√≥n de todos lxs presxs de la Revuelta.

Nadie est√° olvidado",https://instagram.fscl12-1.fna.fbcdn.net/v/t51.2885-15/e35/123121450_2800721133523314_3198837591189451393_n.jpg?_nc_ht=instagram.fscl12-1.fna.fbcdn.net&_nc_cat=106&_nc_ohc=4UlsnXmdhwsAX-lgUeH&tp=18&oh=ae4ee5258292baad17ba5932606de0eb&oe=5FA531A0
53,capucha_informa,37.0,2020-10-30 19:35:34,3406.0,"GRAVE ‚îÇ DENUNCIA Vecinos denuncian que funcionarios de carabineros de Colina habr√≠an golpeado a hombre e intentado abandonarlo en la plaza frente al campamento Los de Repente.

V√≠a @el_capucha_informa_chillan1",https://instagram.fscl12-1.fna.fbcdn.net/v/t51.2885-15/e35/123034212_356478725608213_6917379859740205528_n.jpg?_nc_ht=instagram.fscl12-1.fna.fbcdn.net&_nc_cat=101&_nc_ohc=BbTMbocb7aAAX9GYCxS&tp=18&oh=f901efa20047b8f06e28a4128062024b&oe=5FA4E292
54,capucha_informa,5.0,2020-10-30 17:50:19,1418.0,"CONVOCATORIAS ‚îÇ VIERNES 30 DE OCTUBRE 

Jornada de protesta nacional en todos los territorios por la libertad de todxs lxs presxs pol√≠ticxs y por la Renuncia de Pi√±era. 

‚Ä¢Santiago: Concentraci√≥n, Plaza Dignidad 17 hrs

‚Ä¢Arica: Once comunitaria, Rotonda Tucapel 18 hrs  @aricasocial

‚Ä¢Iquique: ""Gran marcha de la resistencia"", Plaza Condell 18 hrs @manifestacionesiquique

‚Ä¢Copiap√≥: Convocatoria, Frente a la intendencia 17 hrs @copiapo_resistencia

‚Ä¢Coquimbo: Concentraci√≥n, Plaza de la Resistencia 
@Coquimbo_reactivo

‚Ä¢La Serena: Concentraci√≥n, Plaza de la Revoluci√≥n 
@cuidateyresiste

‚Ä¢Valpara√≠so:  D√≠a Nacional del Ejecutado y la Ejecutada Pol√≠tica, Plaza de la Resistencia (Ex An√≠bal Pinto) 17 hrs @movilizacionesvalpoyvina 

 ‚Ä¢La Pincoya: Convocatoria Paragua con Recoleta 21 hrs @pinkoyadespierta
 
‚Ä¢San Felipe: Convocatoria ""Viernes de Costumbre"", Plaza Dignidad 19 hrs @sanfe_organizado

‚Ä¢Rancagua: Convocatoria, Rotonda Alameda 18:30 hrs @cordon_rancagua",https://instagram.fscl12-1.fna.fbcdn.net/v/t51.2885-15/e35/123119243_200404624934772_5367786768520975544_n.jpg?_nc_ht=instagram.fscl12-1.fna.fbcdn.net&_nc_cat=100&_nc_ohc=DLg4d1CqPz4AX-f1-sN&tp=18&oh=4bc50117f7a713991ce35f481f65e446&oe=5FCB6415
55,capucha_informa,7.0,2020-10-30 15:33:28,1356.0,"HOY ‚îÇ PROTESTA NACIONAL 17 hrs

Jornada de protesta nacional en todos los territorios por la libertad de todxs lxs presxs pol√≠ticxs y por la Renuncia de Pi√±era. 

""La fiesta de la democracia"" no nos devolver√° a nuestrxs compa√±erxs ca√≠dos, no le devolvi√≥ la libertad a lxs presxs pol√≠ticxs de la Revuelta, no recompondr√° las vidas de lxs mutiladxs y violentados por el Estado, por eso seguiremos manifest√°ndonos en todos los territorios, contra un sistema judicial hecho a la medida de los violadores de DDHH.

Exigimos la libertad de todxs lxs presxs Pol√≠ticxs, secuestrados por el Estado, con prisiones preventivas abusivas que ya superan el a√±o en algunos casos, con pruebas insuficientes y montadas por la polic√≠a que mantienen a nuestros compa√±erxs privados de libertad por luchar. 

No son casos AISLADOS, son violaciones SISTEM√ÅTICAS de DDHH por parte del estado, sus esbirros y su brazo armado.",https://instagram.fscl12-1.fna.fbcdn.net/v/t51.2885-15/e35/123314713_2775867116015027_901913279599780998_n.jpg?_nc_ht=instagram.fscl12-1.fna.fbcdn.net&_nc_cat=111&_nc_ohc=IdmapTrDfAsAX_wthHw&tp=18&oh=41e272c6ba85eef5c88dd77c561d107f&oe=5FCC2D27&ig_cache_key=MjQzMTQ1NDY5NTg0MjU2MDgyMQ%3D%3D.2
56,capucha_informa,6.0,2020-10-30 15:32:28,938.0,"HOY ‚îÇ PROTESTA NACIONAL 17 hrs

Jornada de protesta nacional en todos los territorios por la libertad de todxs lxs presxs pol√≠ticxs y por la Renuncia de Pi√±era. 

""La fiesta de la democracia"" no nos devolver√° a nuestrxs compa√±erxs ca√≠dos, no le devolvi√≥ la libertad a lxs presxs pol√≠ticxs de la Revuelta, no recompondr√° las vidas de lxs mutiladxs y violentados por el Estado, por eso seguiremos manifest√°ndonos en todos los territorios, contra un sistema judicial hecho a la medida de los violadores de DDHH.

Exigimos la libertad de todxs lxs presxs Pol√≠ticxs, secuestrados por el Estado, con prisiones preventivas abusivas que ya superan el a√±o en algunos casos, con pruebas insuficientes y montadas por la polic√≠a que mantienen a nuestros compa√±erxs privados de libertad por luchar. 

No son casos AISLADOS, son violaciones SISTEM√ÅTICAS de DDHH por parte del estado, sus esbirros y su brazo armado.",https://instagram.fscl12-1.fna.fbcdn.net/v/t51.2885-15/e35/123102385_699817253979485_5894759432651927750_n.jpg?_nc_ht=instagram.fscl12-1.fna.fbcdn.net&_nc_cat=105&_nc_ohc=1izsoGu-HQoAX_zoS0E&tp=18&oh=bec3c4476792547bd187d900c13a4afa&oe=5FCCBAC3&ig_cache_key=MjQzMTQ1NDE4OTI4NzkyMDY0MA%3D%3D.2
57,capucha_informa,6.0,2020-10-30 15:31:54,1457.0,"HOY ‚îÇ PROTESTA NACIONAL 17 hrs

Jornada de protesta nacional en todos los territorios por la libertad de todxs lxs presxs pol√≠ticxs y por la Renuncia de Pi√±era. 

""La fiesta de la democracia"" no nos devolver√° a nuestrxs compa√±erxs ca√≠dos, no le devolvi√≥ la libertad a lxs presxs pol√≠ticxs de la Revuelta, no recompondr√° las vidas de lxs mutiladxs y violentados por el Estado, por eso seguiremos manifest√°ndonos en todos los territorios, contra un sistema judicial hecho a la medida de los violadores de DDHH.

Exigimos la libertad de todxs lxs presxs Pol√≠ticxs, secuestrados por el Estado, con prisiones preventivas abusivas que ya superan el a√±o en algunos casos, con pruebas insuficientes y montadas por la polic√≠a que mantienen a nuestros compa√±erxs privados de libertad por luchar. 

No son casos AISLADOS, son violaciones SISTEM√ÅTICAS de DDHH por parte del estado, sus esbirros y su brazo armado.",https://instagram.fscl12-1.fna.fbcdn.net/v/t51.2885-15/e35/122834212_459827711651681_548821513221232427_n.jpg?_nc_ht=instagram.fscl12-1.fna.fbcdn.net&_nc_cat=105&_nc_ohc=Rhb6N8Tt_MIAX-4uAEv&tp=18&oh=84c985d3029c1005f4c6dd0d33b07b37&oe=5FCC72C0&ig_cache_key=MjQzMTQ1MzkxMDUyNjMxMjcyMQ%3D%3D.2
58,capucha_informa,8.0,2020-10-30 15:26:17,715.0,"DIFUNDIMOS ‚îÇ ""Mauricio Jara recibioÃÅ el impacto de una bomba lacrimoÃÅgena en su craÃÅneo en el contexto de represioÃÅn durante a la Revuelta Popular. Hoy necesita con urgencia costear un implante craneal que cuesta $6.497.334.

Mauricio no ha tenido ninguÃÅn tipo de ayuda por parte del Estado, quien es el responsable directo de la situacioÃÅn por la que estaÃÅ pasando.

Es por ello que estamos levantando esta campanÃÉa para recaudar fondos a traveÃÅs de una rifa. En las imaÃÅgenes podraÃÅs saber coÃÅmo ayudar y cuaÃÅles son los pasos a seguir para comprar un nuÃÅmero.

¬°Solo el pueblo ayuda al pueblo!""

V√≠a @resistencia_visual",https://instagram.fscl12-1.fna.fbcdn.net/v/t51.2885-15/e35/122822367_795935157647400_4564861367790257067_n.jpg?_nc_ht=instagram.fscl12-1.fna.fbcdn.net&_nc_cat=100&_nc_ohc=oLPZSgpkyZAAX-KgNmp&tp=18&oh=998dd1126da4fa371914b0b54895aaf6&oe=5FCC8139
59,capucha_informa,6.0,2020-10-30 15:16:53,1306.0,"#EstoNoHaTerminado ‚îÇ ""Entre el miedo, el hambre y la represi√≥n del estado llegaba octubre, entre los llamados a esperar el plebiscito o a cuidarse de los contagios poco a poco los territorios comenzaban a reencontrarse en los centros de las ciudades para manifestarse, muchxs nunca dejaron de organizarse y luchar, en la olla com√∫n, comedores, jornadas de protesta y otras acciones de resistencia que mantienen vivo un proceso que desde el poder a√∫n sue√±an con aplastar.

Viernes 2 de octubre, carabineros intenta asesinar a Anthony lanz√°ndolo por un puente, muchxs al fin se sacuden el miedo a volcarse a la protesta de manera masiva y se extiende la solidaridad, se recuperan los espacios y se copan calles y plazas, dejando claro con extensas jornadas que esto no ha terminado.

Pasaron los d√≠as, siguieron reprimiendo, negando su violencia e intentando dejar mal a quienes protestan, llegaron las conmemoraciones por cada muerte, herida y torturas a manos del estado. La lucha contra la impunidad sigue latente, as√≠ como la b√∫squeda de la libertad de nuestrxs prisionerxs pol√≠ticxs.

Mantengamos viva la memoria.

Las calles seguir√°n siendo nuestras.""

V√≠a @no_.pasaran",https://instagram.fscl12-1.fna.fbcdn.net/v/t51.2885-15/e35/123026432_3636322539762008_5559522824980803390_n.jpg?_nc_ht=instagram.fscl12-1.fna.fbcdn.net&_nc_cat=108&_nc_ohc=OdScwgyl9hsAX_v1COy&tp=18&oh=7567bc75d3d12f26537afd0cfe3fd290&oe=5FCBB548&ig_cache_key=MjQzMTQ0NjM1MTM5MjExMDU0MA%3D%3D.2
60,capucha_informa,4.0,2020-10-30 15:16:22,669.0,"DIFUNDIMOS  Lanzamiento online de Sembrando la Revuelta, bolet√≠n colaborativo con la participaci√≥n de las asambleas @biobio.anarquista @asamblealibertariacordillera @asamblealibertariasantiago Asamblea Anarquista Autoconvocada de Valpara√≠so y la a.libertaria.chuchunko",https://instagram.fscl12-1.fna.fbcdn.net/v/t51.2885-15/e35/123114614_126206312335193_5664617986431970463_n.jpg?_nc_ht=instagram.fscl12-1.fna.fbcdn.net&_nc_cat=105&_nc_ohc=uroIRLfZIdIAX_vbUoo&tp=18&oh=e876495ac25e9217b8338aa9b8a5f1d0&oe=5FCD75AB&ig_cache_key=MjQzMTQ0NjA4NzgzMDU3MzQwOA%3D%3D.2
61,capucha_informa,0.0,2020-10-30 15:07:49,1200.0,"HOY ‚îÇ CACEROLAZO  NACIONAL 21 hrs

""La fiesta de la democracia"" no nos devolver√° a nuestrxs compa√±erxs ca√≠dos, no le devolvi√≥ la libertad a lxs presxs politicxs de la Revuelta, no recompondr√° las vidas de lxs mutiladxs y violentados por el Estado, por eso seguiremos manifest√°ndonos en todos los territorios, contra un sistema judicial hecho a la medida de los violadores de DDHH.

Exigimos la libertad de todxs lxs presxs Pol√≠ticxs, secuestrados por el Estado, con prisiones preventivas abusivas que ya superan el a√±o en algunos casos, con pruebas insuficientes y montadas por la polic√≠a que mantienen a nuestros compa√±erxs privados de libertad por luchar. 

No son casos AISLADOS, son violaciones SISTEM√ÅTICAS de DDHH por parte del estado, sus esbirros y su brazo armado.

#RenunciaPi√±era",https://instagram.fscl12-1.fna.fbcdn.net/v/t51.2885-15/e35/123261872_880507569149752_616463240538356613_n.jpg?_nc_ht=instagram.fscl12-1.fna.fbcdn.net&_nc_cat=104&_nc_ohc=X98kWbDoaFoAX9nGCsT&tp=18&oh=ababd0545d6108096c02e5b3d2cd5bc9&oe=5FCB42EA&ig_cache_key=MjQzMTQ0MTc4MDkxNzc4ODk0NQ%3D%3D.2
62,capucha_informa,4.0,2020-10-30 15:07:30,1419.0,"HOY ‚îÇ CACEROLAZO  NACIONAL 21 hrs

""La fiesta de la democracia"" no nos devolver√° a nuestrxs compa√±erxs ca√≠dos, no le devolvi√≥ la libertad a lxs presxs politicxs de la Revuelta, no recompondr√° las vidas de lxs mutiladxs y violentados por el Estado, por eso seguiremos manifest√°ndonos en todos los territorios, contra un sistema judicial hecho a la medida de los violadores de DDHH.

Exigimos la libertad de todxs lxs presxs Pol√≠ticxs, secuestrados por el Estado, con prisiones preventivas abusivas que ya superan el a√±o en algunos casos, con pruebas insuficientes y montadas por la polic√≠a que mantienen a nuestros compa√±erxs privados de libertad por luchar. 

No son casos AISLADOS, son violaciones SISTEM√ÅTICAS de DDHH por parte del estado, sus esbirros y su brazo armado.

#RenunciaPi√±era",https://instagram.fscl12-1.fna.fbcdn.net/v/t51.2885-15/e35/123116241_822307335220930_6696062709979265796_n.jpg?_nc_ht=instagram.fscl12-1.fna.fbcdn.net&_nc_cat=110&_nc_ohc=wT6N2KJWAHoAX8TQPUW&tp=18&oh=10ce32d311d4607f3b534fbc772a2c8c&oe=5FCC8B0F&ig_cache_key=MjQzMTQ0MTYyNDYwNDU3NTYwMQ%3D%3D.2
63,capucha_informa,10.0,2020-10-30 15:07:16,2248.0,"HOY ‚îÇ CACEROLAZO  NACIONAL 21 hrs

""La fiesta de la democracia"" no nos devolver√° a nuestrxs compa√±erxs ca√≠dos, no le devolvi√≥ la libertad a lxs presxs politicxs de la Revuelta, no recompondr√° las vidas de lxs mutiladxs y violentados por el Estado, por eso seguiremos manifest√°ndonos en todos los territorios, contra un sistema judicial hecho a la medida de los violadores de DDHH.

Exigimos la libertad de todxs lxs presxs Pol√≠ticxs, secuestrados por el Estado, con prisiones preventivas abusivas que ya superan el a√±o en algunos casos, con pruebas insuficientes y montadas por la polic√≠a que mantienen a nuestros compa√±erxs privados de libertad por luchar. 

No son casos AISLADOS, son violaciones SISTEM√ÅTICAS de DDHH por parte del estado, sus esbirros y su brazo armado.

#RenunciaPi√±era",https://instagram.fscl12-1.fna.fbcdn.net/v/t51.2885-15/e35/122837116_385864949448648_229421660487080519_n.jpg?_nc_ht=instagram.fscl12-1.fna.fbcdn.net&_nc_cat=100&_nc_ohc=Lni4eDFAotYAX8bqKZc&tp=18&oh=3fd6cc1712bacf66413653063a89a711&oe=5FCB7CA7&ig_cache_key=MjQzMTQ0MTUwNTgzMDA5ODI2NQ%3D%3D.2
64,capucha_informa,68.0,2020-10-30 15:01:49,1875.0,"#Wallmapu ‚îÇ Machi Fidel Tranamil es violentamente detenido al interior de su comunidad en Rofue, fue tirado al suelo por m√°s de 10 Carabineros, en desarrollo. 

V√≠a @radiovillafrancia",https://instagram.fscl12-1.fna.fbcdn.net/v/t51.2885-15/e35/123229849_127284988871486_8512154836588842441_n.jpg?_nc_ht=instagram.fscl12-1.fna.fbcdn.net&_nc_cat=102&_nc_ohc=_7J5TqDD-JYAX8W3w6v&tp=18&oh=dc511860abae625a080b8edcc4af95d0&oe=5FA4DD82
65,capucha_informa,0.0,2020-10-30 14:58:15,468.0,"Kelluw√ºn tai√± lamngen // Rifa Solidaria 
A trav√©s de esta rifa, venimos a solicitar su apoyo solidario para poder darle una mano a una lamieng y su hija,  √±a√±as que resisten con dignidad y compromiso desde distintos frentes de  nuestro ser mapuche pero que est√°n viviendo complejos d√≠as producto de una enfermedad y la necesidad de realizarse un tratamiento m√©dico.  De manera urgente entonces hemos organizado esta Rifa, para poder amortiguar un poco el complejo momento de enfermedad.

Fecha del Sorteo:. Viernes 20 de Noviembre
Lugar: Lautaro Regi√≥n de la Araucan√≠a Chile

PREMIOS: 
1.-TALLADO EN MADERA 60 X 26.  2.- UNA TRAPELACUCHA DE ALPACA.  3.- UN KIL KIL DE ALPACA. 
 4.- UN CD DE M√öSICA COLELO IDENTIDAD MAPUCHE, 
5.- UN CD DE M√öSICA  DE JUANFRA,  6.- UN SET  CUIDADO DIARIO E HIGIENE  DE COSM√âTICA SOLIDA ECOL√ìGICA NATURAL.  7.- UN TRALILONKO DE WENTRU.  8.- UN SET DE TRES PRODUCTOS KIM LAWEN MEDICINA MAPUCHE
 
Valor numero: $1.000.- 
Se agradece infinitamemnte la solidaridad.
Chaltumay.
Giovanna Tabilo. Red de Apoyo a los presos pol√≠ticos mapuche.",https://instagram.fscl12-1.fna.fbcdn.net/v/t51.2885-15/e35/123131485_3722102717822721_6301070031463567602_n.jpg?_nc_ht=instagram.fscl12-1.fna.fbcdn.net&_nc_cat=109&_nc_ohc=QLjvGJIrRdEAX9_iI7W&tp=18&oh=4d77925f04ba025d393619bb995a2273&oe=5FCD131F
66,capucha_informa,10.0,2020-10-30 03:45:29,1959.0,"El Estado de Chile criminaliza la protesta. Desde octubre del 2019, m√°s de 2000 personas han sido encarceladas por protestar contra el gobierno de Pi√±era. 

LIBERTAD INMEDIATA S TXDXS LXS PRESXS POL√çTICXS

V√≠a @quehacer_colectiva 

#LibertadAlxsPresxsPol√≠ticxs",https://instagram.fscl12-1.fna.fbcdn.net/v/t51.2885-15/e35/123136445_354048469198569_350989765861992507_n.jpg?_nc_ht=instagram.fscl12-1.fna.fbcdn.net&_nc_cat=109&_nc_ohc=LJmPKotOTrUAX80b_vr&tp=18&oh=619a2f974dc5e44ede402793d205d970&oe=5FA49957
67,capucha_informa,3.0,2020-10-29 18:55:47,778.0,"HOY  Sindicato de trabajadorxs de Salcobrand se manifestaron esta tarde en Santiago centro en contra de la empresa que abusa y maltrata a sus  trabajadorxs.

Denuncian que no pagan los a√±os de servicio al despedirlos y que aquellos que se manifestaron habr√≠an sido grabados por la empresa para posteriormente despedirlos.",https://instagram.fscl12-1.fna.fbcdn.net/v/t51.2885-15/e35/122821333_364376624780080_739540616806336648_n.jpg?_nc_ht=instagram.fscl12-1.fna.fbcdn.net&_nc_cat=104&_nc_ohc=gn3Q2z4dx-YAX8VYrNk&tp=18&oh=35deaa782fa451f036e541cf19f1e124&oe=5FA4E69E
68,capucha_informa,4.0,2020-10-29 17:19:12,704.0,"REGISTRO DE LA CRIMINALIZACI√ìN DE LA REVUELTA ‚îÇ ""Ayer se cumpli√≥ un a√±o desde que el diario La Tercera -al igual que la mayor√≠a de medios escritos, radiales y televisivos de propiedad de grandes grupos econ√≥micos- comenzaron una orquestada estrategia comunicacional racista y xen√≥foga para atribuir a una operaci√≥n pol√≠tica y militarizada extranjera el motivo del alzamiento social que deriv√≥ en la revuelta popular, y posteriormente en el plebiscito constitucional impuesto y controlado por el sistema pol√≠tico institucional como respuesta a la crisis.

En este sentido, esta maniobra pol√≠tica de parte del gobierno de Sebasti√°n Pi√±era y la elite pol√≠tica apuntada a endosarle la responsabilidad a factores externos al hast√≠o social provocado por la privatizaci√≥n y precarizaci√≥n de la vida de los sectores populares durante m√°s de 40 a√±os de neoliberalismo en Chile y que, tal como ocurri√≥ durante los a√±os de la Unidad Popular, fue respaldada medi√°ticamente por los grandes consorcios period√≠sticos como Copesa y El Mercurio usando el mismo libreto: desligitimar, criminalizar y debilitar un movimiento social surgido espont√°neamente con el fin de crear una verdadera sociedad y terminar con un sistema basado en un nicho de negocios para grandes empresas subsidiadas y protegidas por el Estado para lucrar con bienes p√∫blicos.

Esta colusion vertical entre el gobierno y los medios de comunicaci√≥n burgueses para criminalizar la protesta social e incubrir las violaciones a los DD.HH ejercida por agentes del Estado durante la revuelta del a√±o pasado, tuvo precisamente una de sus principales expresiones en turno a crear un clima de guerrilla comandado por agentes internacionales ""venezolanos, cubanos y rusos"" infiltrados en el pa√≠s para ""desastabilizar la democracia"".

Tal como lo sigue sosteniendo el presidente Pi√±era hasta hoy, pese a haber sumarios administrativos e investigaciones judiciales que desmienten totalmente la acci√≥n de una intervenci√≥n e ""influencia internacional"" como la m√∫sica K-Pop en lo ocurrido desde octubre de 2019, y que hace algunas semanas el fiscal favorito de La Moneda Manuel Guerra catalog√≥ de ""solo humo"".

Fuente: @ojodelmedio""
via: @radiovillafrancia",https://instagram.fscl12-1.fna.fbcdn.net/v/t51.2885-15/e35/122887266_2855369114682709_3647035762048862603_n.jpg?_nc_ht=instagram.fscl12-1.fna.fbcdn.net&_nc_cat=101&_nc_ohc=WGJhY3QwrgUAX9xfy3b&tp=18&oh=8ba955e4194518f3313de4b77cc7d382&oe=5FCBEA22
69,capucha_informa,22.0,2020-10-29 17:16:49,1943.0,"AHORA  Manifestaciones afuera de Santiago 1 por la liberaci√≥n de lxs presxs pol√≠ticxs.

NO ESTAMOS TODXS, FALTAN LXS PRESXS
#libertadalxspresxspol√≠ticxs",https://instagram.fscl12-1.fna.fbcdn.net/v/t51.2885-15/e35/122994726_388084395665542_6679164610593255017_n.jpg?_nc_ht=instagram.fscl12-1.fna.fbcdn.net&_nc_cat=110&_nc_ohc=WpQiTN2Vm5YAX9dJF8s&tp=18&oh=8c12b704502e303a37327b566f4469b2&oe=5FA4FD9D
70,capucha_informa,21.0,2020-10-29 17:10:22,1574.0,"TIERRA ARRASADA ‚îÇ Gu√©rnica, Argentina: As√≠ qued√≥ parte del predio ocupado por 1400 familias en Guernica tras el operativo encabezado por Sergio Berni con 4000 polic√≠as. La polic√≠a quem√≥ casillas mientras avanzaba sobre las familias y ahora impide el ingreso de una delegaci√≥n de organismos de DDHH que quiere verificar si hay dos mujeres muertas y encontrar a un joven desaparecido.",https://instagram.fscl12-1.fna.fbcdn.net/v/t51.2885-15/e35/122913490_381601833252929_8140551912540050563_n.jpg?_nc_ht=instagram.fscl12-1.fna.fbcdn.net&_nc_cat=105&_nc_ohc=BDBbrNy52esAX_jyawI&tp=18&oh=1c57aba6e298d3703d004a37ce06b226&oe=5FCD920A
71,capucha_informa,42.0,2020-10-29 17:10:09,695.0,"Gu√©rnica, Argentina: Habr√≠an 2 personas muertas tras violenta represi√≥n y desalojo de toma de predio ocupado por 1400 familias en Guernica tras el operativo encabezado por Sergio Berni con 4000 polic√≠as. La polic√≠a quem√≥ casillas mientras avanzaba sobre las familias y ahora impide el ingreso de una delegaci√≥n de organismos de DDHH que quiere verificar si hay dos mujeres muertas y encontrar a un joven desaparecido.",https://instagram.fscl12-1.fna.fbcdn.net/v/t51.2885-15/e35/122995881_773184443259618_3832385958095294552_n.jpg?_nc_ht=instagram.fscl12-1.fna.fbcdn.net&_nc_cat=106&_nc_ohc=tkZBaAOCzoAAX-GIX35&tp=18&oh=988300217bfffabcf9d5138f2d72ebae&oe=5FA53624
72,capucha_informa,8.0,2020-10-29 17:08:54,512.0,"AHORA ‚îÇ Gu√©rnica, Argentina: Habr√≠an 2 personas muertas tras violenta represi√≥n y desalojo de toma de predio ocupado por 1400 familias en Guernica tras el operativo encabezado por Sergio Berni con 4000 polic√≠as. La polic√≠a quem√≥ casillas mientras avanzaba sobre las familias y ahora impide el ingreso de una delegaci√≥n de organismos de DDHH que quiere verificar si hay dos mujeres muertas y encontrar a un joven desaparecido.",https://instagram.fscl12-1.fna.fbcdn.net/v/t51.2885-15/e35/123131804_201326908223248_4764896807957688268_n.jpg?_nc_ht=instagram.fscl12-1.fna.fbcdn.net&_nc_cat=104&_nc_ohc=HsaaDEh6RvgAX-LIiKH&tp=18&oh=1a879fde959eec16007e468ef405f2c9&oe=5FA51E45
73,capucha_informa,4.0,2020-10-28 18:52:19,1694.0,"PRESXS POL√çTICXS  Si el comercio vuelve a la normalidad ¬øPor qu√© lxs presxs todav√≠a no pueden volver a abrazar a sus familias y amigxs?

Exigimos que vuelvan las visitas para lxs presxs de todo el territorio, m√°s a√∫n cuando en la jornada de ayer conocimos la situaci√≥n de las presas en San Miguel que gendarmer√≠a las mantiene en situaciones inhumanas.

V√≠a @coordinadora_vidasinbarrotes",https://instagram.fscl12-1.fna.fbcdn.net/v/t51.2885-15/e35/122727657_645799896106774_2693018013185607625_n.jpg?_nc_ht=instagram.fscl12-1.fna.fbcdn.net&_nc_cat=110&_nc_ohc=2R7hExQen5IAX_cOp2E&tp=18&oh=6c950eacaf9669dbddd2f6ea5ac61ad5&oe=5FCD6CBC
74,capucha_informa,117.0,2020-10-28 18:34:58,3535.0,"BONO CLASE MEDIA ‚îÇ¬øQu√© tal? 1370 Carabineros y 48 funcionarios de la PDI accedieron al Bono Clase media, estos son parte de los 37.000 funcionarios p√∫blicos que accedieron al beneficio social destinado a ""Trabajadores y trabajadoras dependientes o independientes"".
 
Beneficio social entregado por el #MalGobierno a lxs trabajadorxs durante la pandemia que no ha estado exento de pol√©micas por las reiteradas peticiones del gobierno a que la gente que ""No le correspond√≠a""  devuelva el dinero, sin embargo de igual manera accedieron a este beneficio.
 
La incapacidad del Desgobierno de Pi√±era de ayudar econ√≥micamente a las familias en pandemia, entregando bonos y ayudas sociales que han sido insuficientes y evidentemente mal distribuidas, esto ha obligado a que los trabajadorxs y familias subsistan gastando sus ahorros previsionales y de sus seguros de cesant√≠a.",https://instagram.fscl12-1.fna.fbcdn.net/v/t51.2885-15/e35/122796409_697689230853128_4477464140755510443_n.jpg?_nc_ht=instagram.fscl12-1.fna.fbcdn.net&_nc_cat=108&_nc_ohc=4z5MprsjXM0AX93P2YZ&tp=18&oh=23d21e2b650f06d88b74707ddbf44d28&oe=5FCAA0F8&ig_cache_key=MjQzMDA5NjQ5NzQwMzQyODc4OQ%3D%3D.2
75,capucha_informa,21.0,2020-10-28 16:21:00,3425.0,"PRESXS DE LA REVUELTA ‚îÇNuestrxs compa√±erxs pesxs por luchar no est√°n olvidados, el plebiscito no les devolvi√≥ la libertad, debemos seguir en las calles exigiendo su liberaci√≥n. 

 ""A un a√±o de comenzada la revuelta no olvidemos a quienes construyeron el camino con nosotrxs y est√°n pagando la criminalizaci√≥n de la protesta. 

Esto sigue mucho m√°s all√° del plebiscito y debemos recoger la lucha de quienes quedaron al otro lado de las rejas. Porque esto no nos ha devuelto a nuestrxs compa√±erxs, exigimos su libertad!""

V√≠a @nomaspresxsporluchar",https://instagram.fscl12-1.fna.fbcdn.net/v/t51.2885-15/e35/122802283_194741928783283_3908846799867930500_n.jpg?_nc_ht=instagram.fscl12-1.fna.fbcdn.net&_nc_cat=107&_nc_ohc=WMWez-bRUaYAX8pL135&tp=18&oh=0d78891abfd65547e2f96dbe9ae8181a&oe=5FCA310D
76,capucha_informa,4.0,2020-10-28 15:55:13,336.0,"PRESXS DE LA REVUELTA ‚îÇ Desde la revuelta hay compa√±eros que ya han cumplido 1 a√±o de prisi√≥n preventiva, medidas cautelares abusivas que nunca tuvieron violadores, corruptos ni funcionarios de carabineros que han asesinado y violentado a manifestantes, en $hile se secuestra y encarcela a manifestantes sin pruebas y a base de montajes. 

""Hoy hacemos un llamado urgente a no dejarlxs solxs, ellxs y sus familias necesitan de todo el apoyo posible.
C√≥mo ayudar?
Los afiches de esta publicaci√≥n contienen la respuesta:
1. Lugares de acopio en distintas comunas de Santiago
2. Listado de lo que se est√° recibiendo 
3. LUCAZOS, uno para apoyar a acopio y el otro, para los peritajes de lxs compas.""

V√≠a @envivoaquiyahoraofficial",https://instagram.fscl12-1.fna.fbcdn.net/v/t51.2885-15/e35/123032941_680728542856767_6726955448552820316_n.jpg?_nc_ht=instagram.fscl12-1.fna.fbcdn.net&_nc_cat=103&_nc_ohc=Ik2mbb7fAYIAX-26-KT&tp=18&oh=85a455951c8b6a0344358357e5938014&oe=5FCADE99
77,capucha_informa,33.0,2020-10-28 15:39:35,2413.0,"PACOS PERKIN ‚îÇ""El General de Carabineros Enrique Bassaletti fue denunciado tras recibir pagos por realizar labores de seguridad privada en las cuales ocup√≥ a personal activo de Carabineros y autos institucionales para realizar trabajos de escolta, imputaci√≥n hecha a la Contralor√≠a General por la diputada Cristina Girardi.

En oficio entregado el 23 de octubre al ente fiscalizador por la diputada Cristina Girardi solicita que se ‚Äúemita un pronunciamiento, investigaci√≥n y fiscalizaci√≥n por posibles faltas a la probidad e incumplimiento de la normativa p√∫blica y administrativa a ra√≠z de hechos que involucran al Jefe de Zona de Carabineros Santiago Este, General Enrique Bassaletti Riess‚Äù.

En el documento, al cual tuvo acceso el medio Interferencia, se detalla que el General Bassaletti ‚Äúestar√≠a prestando servicios a entidades de derecho privado, entre ellas a British American Tobacco Chile, m√°s conocida como Chiletabacos. Empresa que habr√≠a generado pagos por sus servicios, existiendo facturas por dichos trabajos‚Äù. Situaci√≥n que significa un claro conflicto de intereses dado su alto cargo en la instituci√≥n y su rol de empleado p√∫blico, seg√∫n constata el art√≠culo 56¬∞ de la Ley Org√°nica Constitucional.

Bassaletti, junto a otros seis generales del alto mando de Carabineros, enfrenta desde septiembre un sumario de la Contralor√≠a por sus responsabilidades administrativas en la violenta represi√≥n policial de las manifestaciones durante la revuelta popular.

En este sentido, el general cercano a Mario  Rozas, hizo noticia el a√±o pasado al comparar los abusos de derechos humanos de Carabineros con el tratamiento contra el c√°ncer: ‚Äúpara matar c√©lulas malas a veces se matan c√©lulas buenas‚Äù, dijo en noviembre de 2019."" 

V√≠a @radiovillafrancia",https://instagram.fscl12-1.fna.fbcdn.net/v/t51.2885-15/e35/122662309_701211180819680_2811638060188642617_n.jpg?_nc_ht=instagram.fscl12-1.fna.fbcdn.net&_nc_cat=108&_nc_ohc=z_AeHfT2DNsAX9-82sH&tp=18&oh=f27a03cb76afc5d9fa52781a04bbb982&oe=5FCB7090&ig_cache_key=MjQzMDAwODIyNTQ1NzE0MDI2Ng%3D%3D.2
78,capucha_informa,3.0,2020-10-28 15:33:08,493.0,"DIFUNDIMOS ‚îÇ ""Somos las nietas de las brujas que no pudieron quemar"" 

Cicletada de las brujas, Viernes 30 de octubre 19:00hrs en Plaza Condell.

Puntos de encuentro: 
‚Ä¢San pedro, puente Llacol√©n 18:00hrs
‚Ä¢Talcahuano. Puente Dignidad 18:00hrs
‚Ä¢Chiguayante, Plaza C√≠vica 18:00hrs
‚Ä¢Hualp√©n, anfiteatro 18:00hrs 

""seguimos luchando por nuestras demandas feministas, por nuestras asesinadas, violadas, abusadas, por todas nuestras hermanas que sufren violencia, por el derecho a decidir sobre nuestros cuerpos, por igualdad en derechos y oportunidades. 
El movimiento feminista sigue vivo, en las calles, en los territorios, en las casas y en todos los espacios que sean necesario. Estuvimos, estamos y estaremos! 

Somos M√°s y juntas tenemos la fuerza para lograr los cambios que queramos!""

V√≠a @asambleapobladoraswallpen",https://instagram.fscl12-1.fna.fbcdn.net/v/t51.2885-15/e35/122819973_1254215164977165_4014026597761264358_n.jpg?_nc_ht=instagram.fscl12-1.fna.fbcdn.net&_nc_cat=109&_nc_ohc=gtUwmIvZDk4AX8wZOJ8&tp=18&oh=d70003f505bc4fb849396d65fa7de422&oe=5FCCB586
79,capucha_informa,121.0,2020-10-28 14:50:49,6064.0,"A estar clarxs, no se pacta con los c√≥mplices de leyes que encarcelaron a nuestrxs compa√±erxs por luchar.
¬°Libertad a lxs presxs de la revuelta!",https://instagram.fscl12-1.fna.fbcdn.net/v/t51.2885-15/e35/122738320_3384999791577686_5803700602585847156_n.jpg?_nc_ht=instagram.fscl12-1.fna.fbcdn.net&_nc_cat=102&_nc_ohc=381GFQ0kcoYAX_9d_m7&tp=18&oh=33821d6ee87884956a0f989c27466a6e&oe=5FCC4EDA
80,capucha_informa,1.0,2020-10-28 14:49:01,311.0,"CAMPA√ëA DE SOLIDARIDAD ‚îÇ Luis es uno de los dos vecinos de San Ram√≥n torturadas por FF.EE en las manifestaciones ocurridas en el contexto del plebiscito. El joven se encuentra con fractura en su mandibula y perdida de piezas dentales, se ha hecho un llamado a solidarizar con su caso por medio de aportes voluntarios para poder costear su rehabilitaci√≥n.

¬°Solo el pueblo ayuda al pueblo!

V√≠a @canal3lavictoria",https://instagram.fscl12-1.fna.fbcdn.net/v/t51.2885-15/e35/122741489_2466405843662607_8271529004369073541_n.jpg?_nc_ht=instagram.fscl12-1.fna.fbcdn.net&_nc_cat=103&_nc_ohc=0uOcbpSJftgAX9tJWQA&tp=18&oh=3faa80435ee6504b9696b47534106bb5&oe=5FCBF750&ig_cache_key=MjQyOTk4Mjc2NzIzOTY5ODE0Mg%3D%3D.2
